Frame number , x1, y1, x2, y2, length
1,38.22600210147148,92.93191559556803,53.624402010302816,120.98346243790283,31.7999543207
