Frame number , x1, y1, x2, y2, length
1,91.32571207480373,22.609659196555977,67.90965488457155,13.852475536053284,24.4226418839
